{
    "image_id": -1,
    "objects": [
        {
            "height": 0.3017578125,
            "width": 0.46153846153846156,
            "left": 0.13526141826923077,
            "top": 0,
            "text": "bear",
            "feature": -1,
            "size": 8,
            "location": 6
        },
        {
            "height": 0.15234375,
            "width": 0.46153846153846156,
            "left": 0.2939152644230769,
            "top": 0.43718719482421875,
            "text": "dog",
            "feature": 46,
            "size": 1,
            "location": 12
        },
        {
            "height": 0.1318359375,
            "width": 0.46153846153846156,
            "left": 0.2692908653846154,
            "top": 0.82305908203125,
            "text": "grass",
            "feature": 46,
            "size": 0,
            "location": 22
        }
    ]
}
//
//[
//    {'objects': ['bear', 'dog', 'grass'
//        ], 'relationships': [
//            [
//                0, 'above',
//                1
//            ],
//            [
//                1, 'above',
//                2
//            ]
//        ],
//            'attributes': {'size': [
//                8,
//                1,
//                0
//            ], 'location': [
//                6,
//                12,
//                22
//            ]
//        }, 'features': [
//            -1,
//            46,
//            46
//        ], 'image_id': -1
//    }
//]

